folder_id	wallpaper_type	file_count	pkg_size_bytes	pkg_size_human	has_scene_pkg	pkg_entry_count
1078208425	web	94	0	0 B	0	0
1081733658	web	111	0	0 B	0	0
1082586397	web	12	0	0 B	0	0
1103493745	web	6	0	0 B	0	0
1108426854	video	3	0	0 B	0	0
1129194457	web	3	0	0 B	0	0
1184182304	web	17	0	0 B	0	0
1190390653	web	4	0	0 B	0	0
1214148605	video	3	0	0 B	0	0
1218076433	web	51	0	0 B	0	0
1229085581	web	92	0	0 B	0	0
1237159528	web	5	0	0 B	0	0
1265347348	video	3	0	0 B	0	0
1278092907	web	13	0	0 B	0	0
1286183699	web	7	0	0 B	0	0
1373816444	web	9	0	0 B	0	0
1396475780	web	41	0	0 B	0	0
1403160205	web	52	0	0 B	0	0
1491259571	web	40	0	0 B	0	0
1498197700	video	3	0	0 B	0	0
1550989740	web	16	0	0 B	0	0
1551961057	web	33	0	0 B	0	0
1589757429	web	4	0	0 B	0	0
1592583883	web	5	0	0 B	0	0
1598591301	web	3	0	0 B	0	0
1612750231	scene	3	0	0 B	0	0
1634022466	web	5	0	0 B	0	0
1658238045	web	10	0	0 B	0	0
1661372823	video	3	0	0 B	0	0
1661379435	video	3	0	0 B	0	0
1661380704	video	3	0	0 B	0	0
1661383396	video	3	0	0 B	0	0
1685364754	web	29	0	0 B	0	0
1696477141	video	3	0	0 B	0	0
1696822749	web	7	0	0 B	0	0
1731760875	web	67	0	0 B	0	0
1744170047	web	297	0	0 B	0	0
1748382096	video	3	0	0 B	0	0
1748506393	web	8	0	0 B	0	0
1765763290	unknown	2	0	0 B	0	0
1789171537	web	15	0	0 B	0	0
1804980380	video	3	0	0 B	0	0
1807068540	video	3	0	0 B	0	0
1809416268	web	6	0	0 B	0	0
1811298978	web	6	0	0 B	0	0
1813200286	web	6	0	0 B	0	0
1813970052	web	8	0	0 B	0	0
1828698678	web	8	0	0 B	0	0
1860623135	video	3	0	0 B	0	0
1886393627	web	8	0	0 B	0	0
1915396780	video	3	0	0 B	0	0
1971311268	video	3	0	0 B	0	0
1989074199	video	3	0	0 B	0	0
2003176832	web	28	0	0 B	0	0
2014502586	web	26	0	0 B	0	0
2102734753	video	3	0	0 B	0	0
2107727064	web	3	0	0 B	0	0
2111201226	scene	3	3820406	3.6 MB	1	12
2118331982	video	3	0	0 B	0	0
2179153203	web	332	0	0 B	0	0
2188368235	scene	3	10648052	10.2 MB	1	25
2237482899	web	43	0	0 B	0	0
2292710588	video	3	0	0 B	0	0
2325500626	scene	3	19203626	18.3 MB	1	6
2350217781	video	3	0	0 B	0	0
2358176341	video	3	0	0 B	0	0
2358773685	scene	3	9453698	9.0 MB	1	49
2411966322	video	3	0	0 B	0	0
2421744801	web	3	0	0 B	0	0
2438936336	web	8	0	0 B	0	0
2447928310	video	3	0	0 B	0	0
2458916637	video	3	0	0 B	0	0
2507417114	video	3	0	0 B	0	0
2517518192	web	138	0	0 B	0	0
2540481901	video	3	0	0 B	0	0
2651295669	video	3	0	0 B	0	0
2680392402	video	3	0	0 B	0	0
2681264792	web	75	0	0 B	0	0
2701249823	video	3	0	0 B	0	0
2717323779	web	12	0	0 B	0	0
2756477327	video	3	0	0 B	0	0
2777876802	video	3	0	0 B	0	0
2793094827	web	9	0	0 B	0	0
2799877694	video	3	0	0 B	0	0
2800248288	scene	3	14025476	13.4 MB	1	10
2802243144	scene	3	45449482	43.3 MB	1	41
2827816001	scene	3	16234167	15.5 MB	1	54
2830814490	web	18	0	0 B	0	0
2842323353	scene	3	15778494	15.0 MB	1	82
2844219893	scene	11	7303204	7.0 MB	1	20
2856406172	web	6	0	0 B	0	0
2858284176	video	3	0	0 B	0	0
2859770589	video	3	0	0 B	0	0
2866032736	video	3	0	0 B	0	0
2867182492	scene	3	1086579	1.0 MB	1	23
2873316637	video	3	0	0 B	0	0
2884323042	video	3	0	0 B	0	0
2885492021	scene	3	30965463	29.5 MB	1	75
2899965423	scene	3	17184513	16.4 MB	1	8
2902047589	video	3	0	0 B	0	0
2902406982	scene	3	128732194	122.8 MB	1	129
2904908532	scene	3	27547834	26.3 MB	1	98
2905017768	web	144	0	0 B	0	0
2905844074	scene	3	5328870	5.1 MB	1	14
2911866381	scene	3	27660123	26.4 MB	1	185
2913091682	video	3	0	0 B	0	0
2913506072	video	3	0	0 B	0	0
2922877436	web	52	0	0 B	0	0
2954470946	video	3	0	0 B	0	0
2955378002	scene	3	382129475	364.4 MB	1	913
2958411739	scene	3	10682562	10.2 MB	1	5
2970331102	video	3	0	0 B	0	0
2981249186	scene	3	33659165	32.1 MB	1	30
2985464274	video	3	0	0 B	0	0
2986163106	web	20	0	0 B	0	0
3000562427	scene	3	29125500	27.8 MB	1	88
3003524837	video	3	0	0 B	0	0
3019043758	scene	3	55533680	53.0 MB	1	96
3021911243	video	3	0	0 B	0	0
3025975631	scene	3	106587015	101.6 MB	1	18
3043602786	video	3	0	0 B	0	0
3100052627	scene	3	34660821	33.1 MB	1	45
3100731584	web	4	0	0 B	0	0
3109356538	video	3	0	0 B	0	0
3110581014	web	136	0	0 B	0	0
3112362931	web	13	0	0 B	0	0
3113287126	scene	3	29913057	28.5 MB	1	160
3115349801	web	462	0	0 B	0	0
3119714017	video	3	0	0 B	0	0
3120907497	video	3	0	0 B	0	0
3135364491	video	3	0	0 B	0	0
3136351729	web	7	0	0 B	0	0
3146703458	scene	3	137297956	130.9 MB	1	36
3147116018	video	3	0	0 B	0	0
3147346398	scene	3	167021837	159.3 MB	1	12
3151026040	web	43	0	0 B	0	0
3151551777	scene	3	70405081	67.1 MB	1	307
3152793212	scene	3	31831128	30.4 MB	1	120
3171024295	scene	3	8411728	8.0 MB	1	35
3174556087	scene	3	68970514	65.8 MB	1	99
3189665546	scene	3	28771314	27.4 MB	1	192
3189826690	video	3	0	0 B	0	0
3194061367	video	3	0	0 B	0	0
3195212886	scene	3	86521691	82.5 MB	1	173
3197745768	video	3	0	0 B	0	0
3200802205	scene	3	23873499	22.8 MB	1	31
3208430444	web	11	0	0 B	0	0
3208739106	video	3	0	0 B	0	0
3210179384	web	35	0	0 B	0	0
3215159267	video	3	0	0 B	0	0
3219522309	video	3	0	0 B	0	0
3219908811	scene	3	29687232	28.3 MB	1	155
3231856026	web	37	0	0 B	0	0
3233141951	scene	3	60760800	57.9 MB	1	151
3235505289	web	41	0	0 B	0	0
3238082868	video	3	0	0 B	0	0
3238117266	video	3	0	0 B	0	0
3248190943	web	105	0	0 B	0	0
3250755486	scene	3	7064727	6.7 MB	1	16
3256064096	video	3	0	0 B	0	0
3257043844	scene	3	20315885	19.4 MB	1	122
3258032485	scene	3	9639894	9.2 MB	1	16
3264258426	scene	3	10194591	9.7 MB	1	6
3272717573	video	3	0	0 B	0	0
3272946494	scene	3	12307173	11.7 MB	1	12
3276911872	scene	3	57372990	54.7 MB	1	134
3276955573	video	3	0	0 B	0	0
3278399262	scene	3	10911440	10.4 MB	1	31
3280103742	web	135	0	0 B	0	0
3280544405	video	3	0	0 B	0	0
3285324108	video	3	0	0 B	0	0
3287715210	scene	3	17138241	16.3 MB	1	51
3288381550	scene	3	58093278	55.4 MB	1	13
3288383262	scene	3	18851919	18.0 MB	1	36
3289562888	video	3	0	0 B	0	0
3292508781	scene	3	1066777	1.0 MB	1	15
3294620403	web	40	0	0 B	0	0
3295175004	web	40	0	0 B	0	0
3298436565	video	3	0	0 B	0	0
3299228616	scene	3	11448806	10.9 MB	1	111
3300031038	scene	3	34089826	32.5 MB	1	164
3300777757	video	3	0	0 B	0	0
3301542557	scene	3	656568	641.2 KB	1	8
3302436589	video	3	0	0 B	0	0
3302695207	scene	3	39717641	37.9 MB	1	154
3303466488	video	3	0	0 B	0	0
3305478571	video	3	0	0 B	0	0
3305861843	scene	3	3199920	3.1 MB	1	25
3312410308	scene	3	9969095	9.5 MB	1	43
3314492008	video	3	0	0 B	0	0
3317551372	video	3	0	0 B	0	0
3323190978	video	3	0	0 B	0	0
3326190952	video	3	0	0 B	0	0
3326873240	scene	3	246875625	235.4 MB	1	104
3333357727	web	213	0	0 B	0	0
3336571356	video	3	0	0 B	0	0
3337947824	video	3	0	0 B	0	0
3339891336	web	29	0	0 B	0	0
3342085318	video	3	0	0 B	0	0
3343374776	web	6	0	0 B	0	0
3349708916	video	3	0	0 B	0	0
3351163962	scene	3	59807637	57.0 MB	1	113
3351179520	scene	3	107033949	102.1 MB	1	225
3352342968	video	3	0	0 B	0	0
3352517853	scene	3	3139368	3.0 MB	1	21
3353695150	scene	3	10795894	10.3 MB	1	104
3354366708	scene	3	37531840	35.8 MB	1	135
3355404732	web	39	0	0 B	0	0
3360328570	scene	3	51757649	49.4 MB	1	113
3361256119	web	13	0	0 B	0	0
3363252053	scene	3	144021987	137.4 MB	1	95
3367988661	scene	3	17333885	16.5 MB	1	121
3373818743	scene	3	40381366	38.5 MB	1	175
3379048027	scene	3	104837925	100.0 MB	1	132
3379659876	video	3	0	0 B	0	0
3379996991	scene	3	87323372	83.3 MB	1	47
3380523896	web	68	0	0 B	0	0
3384019940	scene	3	26791261	25.6 MB	1	121
3385540784	scene	3	17047602	16.3 MB	1	142
3387794230	video	3	0	0 B	0	0
3387802936	video	3	0	0 B	0	0
3388330010	scene	3	62675969	59.8 MB	1	103
3390306162	video	3	0	0 B	0	0
3390843420	video	3	0	0 B	0	0
3392243898	web	35	0	0 B	0	0
3393741287	video	3	0	0 B	0	0
3395777145	scene	3	111883006	106.7 MB	1	114
3396249707	video	3	0	0 B	0	0
3396722575	scene	3	129915652	123.9 MB	1	273
3397690043	scene	3	42030244	40.1 MB	1	33
3398859187	web	83	0	0 B	0	0
3400422354	video	3	0	0 B	0	0
3400879974	scene	3	18430059	17.6 MB	1	94
3400883750	web	3	0	0 B	0	0
3404409289	web	4	0	0 B	0	0
3404976219	scene	3	30720083	29.3 MB	1	78
3406740580	web	285	0	0 B	0	0
3407317466	scene	3	47779764	45.6 MB	1	97
3408160555	video	3	0	0 B	0	0
3409595232	scene	3	26276406	25.1 MB	1	74
3410266156	scene	3	70300263	67.0 MB	1	76
3411850907	scene	3	8484365	8.1 MB	1	18
3413441982	web	6	0	0 B	0	0
3413921910	scene	3	29488333	28.1 MB	1	161
3416122407	scene	3	349941081	333.7 MB	1	245
3416706438	web	9	0	0 B	0	0
3417395751	web	34	0	0 B	0	0
3417957645	scene	3	23385081	22.3 MB	1	98
3418006422	video	3	0	0 B	0	0
3419679793	web	5	0	0 B	0	0
3426865175	scene	3	24748493	23.6 MB	1	127
3427824116	scene	3	45054354	43.0 MB	1	24
3429479356	scene	3	712246205	679.3 MB	1	20
3433165867	video	3	0	0 B	0	0
3436033033	scene	3	24375460	23.2 MB	1	123
3441006668	scene	3	86219966	82.2 MB	1	128
3441187616	video	3	0	0 B	0	0
3441873795	scene	3	25221602	24.1 MB	1	210
3441931778	video	3	0	0 B	0	0
3443043787	video	3	0	0 B	0	0
3444535389	scene	3	9544575	9.1 MB	1	54
3445534475	scene	3	88487189	84.4 MB	1	54
3448290956	scene	3	15208836	14.5 MB	1	97
3448728208	video	3	0	0 B	0	0
3448877775	scene	3	138271009	131.9 MB	1	134
3450329622	video	3	0	0 B	0	0
3450697231	scene	3	107371133	102.4 MB	1	262
3451858260	video	3	0	0 B	0	0
3453629707	video	3	0	0 B	0	0
3454792257	scene	3	132514624	126.4 MB	1	61
3456524251	video	3	0	0 B	0	0
3459506773	scene	3	6189807	5.9 MB	1	21
3460973721	scene	3	55147785	52.6 MB	1	30
3461168300	scene	3	30444618	29.0 MB	1	123
3462491575	scene	3	35887978	34.2 MB	1	189
3463520581	scene	3	17512118	16.7 MB	1	233
3465215190	scene	3	12080692	11.5 MB	1	203
3469030456	web	33	0	0 B	0	0
3469311407	web	3	0	0 B	0	0
3470738721	web	14	0	0 B	0	0
3470764447	scene	3	336161480	320.6 MB	1	54
3470948192	scene	3	52490991	50.1 MB	1	58
3477054430	scene	3	6657865	6.3 MB	1	40
3478434536	scene	3	37272530	35.5 MB	1	196
3479521040	scene	3	26304673	25.1 MB	1	138
3483456356	scene	3	65349890	62.3 MB	1	111
3486806915	scene	3	37617314	35.9 MB	1	199
3489263099	scene	3	16167582	15.4 MB	1	156
3492627662	scene	3	38542553	36.8 MB	1	144
3495767514	web	3	0	0 B	0	0
3509243656	scene	3	158528077	151.2 MB	1	146
3510729512	scene	3	86391319	82.4 MB	1	109
3511805377	web	196	0	0 B	0	0
3513984171	scene	3	23355798	22.3 MB	1	71
3516106265	scene	3	14695704	14.0 MB	1	125
3516174947	scene	3	84123723	80.2 MB	1	272
3517818807	scene	3	21144914	20.2 MB	1	174
3517826674	video	3	0	0 B	0	0
3519888361	video	3	0	0 B	0	0
3521337568	scene	3	32773007	31.3 MB	1	155
3526096300	scene	3	10446502	10.0 MB	1	83
3526628021	web	243	0	0 B	0	0
3527811827	scene	3	21125911	20.1 MB	1	53
3528316973	web	12	0	0 B	0	0
3531810771	web	88	0	0 B	0	0
3531814034	web	34	0	0 B	0	0
3531878415	video	3	0	0 B	0	0
3534197475	web	33	0	0 B	0	0
3534847722	video	3	0	0 B	0	0
3535036634	web	6	0	0 B	0	0
3538758087	scene	3	89150303	85.0 MB	1	263
3540566685	scene	3	64796474	61.8 MB	1	81
3543159422	scene	3	22822613	21.8 MB	1	152
3544152633	scene	3	44410115	42.4 MB	1	255
3544229853	video	3	0	0 B	0	0
3544761534	web	5	0	0 B	0	0
3544773177	web	3	0	0 B	0	0
3544823846	scene	3	14595166	13.9 MB	1	80
3549235003	video	3	0	0 B	0	0
3550590706	scene	3	17624953	16.8 MB	1	126
3551461522	video	3	0	0 B	0	0
3551997868	web	5	0	0 B	0	0
3552064521	scene	3	45055714	43.0 MB	1	178
3553519395	web	28	0	0 B	0	0
3553595416	video	3	0	0 B	0	0
3554161528	scene	3	23562820	22.5 MB	1	134
3558034522	scene	3	24338446	23.2 MB	1	184
3560940163	video	3	0	0 B	0	0
3563056203	scene	3	172473711	164.5 MB	1	266
3563096027	scene	3	6440354	6.1 MB	1	150
3564496949	web	534	0	0 B	0	0
3565190341	scene	3	62303519	59.4 MB	1	364
3566300475	video	3	0	0 B	0	0
3570066643	video	3	0	0 B	0	0
3572113138	video	3	0	0 B	0	0
3572123145	video	3	0	0 B	0	0
3573378561	scene	3	13594206	13.0 MB	1	97
3577990983	scene	3	48860428	46.6 MB	1	128
3578271888	video	3	0	0 B	0	0
3582216146	video	3	0	0 B	0	0
3582809467	video	3	0	0 B	0	0
3583691995	video	3	0	0 B	0	0
3585875739	scene	3	89384418	85.2 MB	1	34
3588784839	video	3	0	0 B	0	0
3589454154	scene	3	256761191	244.9 MB	1	193
3590576409	video	3	0	0 B	0	0
3591518916	web	22	0	0 B	0	0
3594693080	video	3	0	0 B	0	0
3595595296	video	3	0	0 B	0	0
3596044309	scene	3	31263288	29.8 MB	1	163
3596485909	scene	3	46591776	44.4 MB	1	87
3598808038	scene	3	20150288	19.2 MB	1	146
3598870567	video	3	0	0 B	0	0
3599761711	video	3	0	0 B	0	0
3602673806	scene	3	25779435	24.6 MB	1	111
3603712208	scene	3	8092425	7.7 MB	1	58
3604112739	video	3	0	0 B	0	0
3605081723	video	3	0	0 B	0	0
3605722997	scene	3	342072096	326.2 MB	1	87
3610369201	video	3	0	0 B	0	0
3612621142	video	3	0	0 B	0	0
3613206617	video	3	0	0 B	0	0
3614997336	video	3	0	0 B	0	0
3616389236	scene	3	20406310	19.5 MB	1	156
3619329983	video	3	0	0 B	0	0
3622495963	scene	3	24227217	23.1 MB	1	114
3625610341	web	135	0	0 B	0	0
3625792732	scene	3	72564710	69.2 MB	1	89
3629379075	scene	3	46166089	44.0 MB	1	252
3631139973	web	7	0	0 B	0	0
3633510045	video	3	0	0 B	0	0
3639973107	web	71	0	0 B	0	0
3640755971	scene	3	18028208	17.2 MB	1	91
3641111321	web	6	0	0 B	0	0
3641860575	scene	3	15131753	14.4 MB	1	227
3644102970	web	3	0	0 B	0	0
3644280276	scene	3	10399605	9.9 MB	1	116
3647375769	video	3	0	0 B	0	0
3648063222	web	17	0	0 B	0	0
3650448635	video	3	0	0 B	0	0
3650475846	scene	3	32885008	31.4 MB	1	121
3650874083	web	44	0	0 B	0	0
3650880224	web	37	0	0 B	0	0
3651019021	web	20	0	0 B	0	0
3653641024	scene	3	10720220	10.2 MB	1	133
3654847833	web	116	0	0 B	0	0
3655719704	web	32	0	0 B	0	0
3656000453	web	35	0	0 B	0	0
3656573240	web	42	0	0 B	0	0
3659877246	scene	3	29644550	28.3 MB	1	68
3660962877	scene	3	119070111	113.6 MB	1	68
3662790108	scene	3	569384066	543.0 MB	1	1175
3663810817	scene	3	31336413	29.9 MB	1	122
3664160428	web	90	0	0 B	0	0
3665954520	scene	3	38351086	36.6 MB	1	154
3672679344	web	59	0	0 B	0	0
3673417519	video	3	0	0 B	0	0
3679122549	web	429	0	0 B	0	0
3682739600	video	3	0	0 B	0	0
3683176053	web	133	0	0 B	0	0
3687818927	scene	3	47704474	45.5 MB	1	80
3690417937	scene	3	2838573	2.7 MB	1	53
3691570025	scene	3	39279626	37.5 MB	1	134
3696116391	web	4	0	0 B	0	0
3696323523	scene	3	17230772	16.4 MB	1	59
3701356561	scene	3	13194286	12.6 MB	1	58
3702521609	video	3	0	0 B	0	0
3706286085	scene	3	128556524	122.6 MB	1	186
3709882938	web	5	0	0 B	0	0
3710312520	video	3	0	0 B	0	0
3710776881	video	3	0	0 B	0	0
3713073223	scene	3	21732496	20.7 MB	1	88
3713339367	video	3	0	0 B	0	0
3726414565	video	3	0	0 B	0	0
3726503096	scene	3	2693988	2.6 MB	1	4
3727774132	web	12	0	0 B	0	0
3737237256	video	3	0	0 B	0	0
3737268876	scene	3	95708010	91.3 MB	1	873
3740624065	video	3	0	0 B	0	0
3740849500	web	44	0	0 B	0	0
3745459614	video	3	0	0 B	0	0
3747222633	web	8	0	0 B	0	0
3751907482	video	3	0	0 B	0	0
3753793392	web	33	0	0 B	0	0
3753921460	scene	3	29773491	28.4 MB	1	76
793602574	web	7	0	0 B	0	0
796697921	web	29	0	0 B	0	0
821372791	video	3	0	0 B	0	0
823274093	web	39	0	0 B	0	0
827148653	video	3	0	0 B	0	0
827982449	web	8	0	0 B	0	0
829261773	web	35	0	0 B	0	0
834511459	web	16	0	0 B	0	0
837440254	web	5	0	0 B	0	0
838289251	web	10	0	0 B	0	0
850923796	web	41	0	0 B	0	0
862627194	web	24	0	0 B	0	0
864286576	web	5	0	0 B	0	0
866935226	web	17	0	0 B	0	0
867791634	web	16	0	0 B	0	0
883945381	web	18	0	0 B	0	0
884307090	web	165	0	0 B	0	0
893418273	web	49	0	0 B	0	0
897347504	web	56	0	0 B	0	0
917043694	video	3	0	0 B	0	0
921617616	web	58	0	0 B	0	0
